{"stat.mineBlock.76":1,"achievement.openInventory":93,"stat.killEntity.Sheep":1,"stat.useItem.151":4,"stat.damageDealt":150,"stat.useItem.3":45,"achievement.exploreAllBiomes":{"value":0,"progress":["Plains"]},"stat.useItem.50":8,"stat.useItem.324":9,"stat.useItem.49":1,"stat.drop":17,"stat.fallOneCm":269,"stat.flyOneCm":26327,"stat.useItem.76":6,"stat.playOneMinute":129552,"stat.mineBlock.151":1,"stat.jump":106,"stat.mineBlock.3":17,"stat.useItem.58":1,"stat.useItem.331":38,"stat.mobKills":1,"stat.walkOneCm":113623}